Location,Type,Area,Bedrooms,Bathrooms,Age,Distance_to_Center,Price
Ayat,Condominium,49,1,1,7,13,1800000.0
Kazanchis,Villa,237,8,6,23,1,291525000.0
Kazanchis,Villa,407,7,4,1,1,471674000.0
Piassa,Apartment,168,2,3,27,0,50374000.0
Piassa,Apartment,130,4,1,2,0,46731000.0
Jemo,Villa,537,4,6,13,14,338794000.0
Old Airport,Apartment,169,2,2,19,5,65821000.0
Piassa,Apartment,114,3,1,3,0,35906000.0
Old Airport,Apartment,133,3,2,28,5,49730000.0
Summit,Apartment,119,2,1,17,12,19812000.0
CMC,Apartment,203,2,1,28,10,49088000.0
Kazanchis,Condominium,39,2,1,27,1,1800000.0
Ayat,Condominium,46,2,1,32,13,1800000.0
Summit,Condominium,78,2,1,21,12,1800000.0
Akaki,Apartment,180,4,2,2,18,23884000.0
Ayat,Villa,356,5,4,12,13,278162000.0
Kazanchis,Villa,380,4,6,31,1,422209000.0
Ayat,Apartment,108,2,3,21,13,18866000.0
Piassa,Condominium,79,2,1,5,0,5822000.0
Sarbet,Condominium,109,2,1,27,3,3860000.0
Jemo,Apartment,208,2,3,12,14,26434000.0
CMC,Condominium,78,2,1,14,10,1800000.0
Akaki,Apartment,175,2,1,11,18,18988000.0
Bole,Villa,589,4,5,1,4,645782000.0
Old Airport,Apartment,166,2,1,0,5,61072000.0
Piassa,Apartment,147,4,3,16,0,47274000.0
Lebu,Apartment,195,3,2,21,9,39565000.0
Bole,Villa,336,9,6,28,4,426964000.0
Kazanchis,Apartment,169,4,3,18,1,59264000.0
Jemo,Condominium,73,2,1,0,14,1800000.0
Akaki,Apartment,121,4,3,15,18,12818000.0
Piassa,Apartment,208,3,1,31,0,71818000.0
Akaki,Villa,382,6,5,15,18,179598000.0
Akaki,Condominium,70,2,1,19,18,1800000.0
Kazanchis,Apartment,178,2,1,17,1,65403000.0
Lebu,Apartment,147,2,2,20,9,27411000.0
Sarbet,Apartment,215,4,3,16,3,77711000.0
Akaki,Apartment,198,3,2,29,18,15441000.0
Lebu,Condominium,85,2,1,7,9,2627000.0
Bole,Apartment,140,4,3,16,4,57026000.0
Piassa,Condominium,80,1,1,5,0,5940000.0
CMC,Apartment,195,4,1,20,10,50329000.0
Ayat,Apartment,146,3,1,30,13,21471000.0
Akaki,Apartment,96,2,1,28,18,5854000.0
Gullele,Condominium,84,1,1,23,6,1800000.0
Jemo,Apartment,99,2,2,15,14,14604000.0
Piassa,Condominium,49,2,1,33,0,1800000.0
Lebu,Apartment,142,3,1,21,9,27311000.0
Gullele,Condominium,83,2,1,5,6,2214000.0
CMC,Apartment,132,2,3,3,10,28406000.0
Lebu,Villa,521,9,5,34,9,442828000.0
Old Airport,Apartment,199,4,3,27,5,78395000.0
Gullele,Villa,378,5,3,22,6,239845000.0
Bole,Villa,150,5,6,24,4,178157000.0
Summit,Condominium,35,2,1,4,12,1800000.0
Piassa,Apartment,165,2,1,13,0,61481000.0
Piassa,Villa,243,9,4,4,0,242429000.0
CMC,Apartment,112,3,2,22,10,24627000.0
Gullele,Apartment,148,3,3,9,6,25570000.0
Bole,Apartment,83,4,2,27,4,35642000.0
Akaki,Condominium,46,2,1,34,18,1800000.0
Kazanchis,Condominium,46,1,1,0,1,5270000.0
Bole,Condominium,77,2,1,28,4,1800000.0
Summit,Apartment,169,3,2,6,12,33708000.0
Sarbet,Condominium,109,1,1,24,3,3581000.0
Gullele,Apartment,178,3,1,31,6,27725000.0
Summit,Condominium,71,2,1,12,12,1800000.0
Bole,Apartment,163,2,2,12,4,67031000.0
Akaki,Villa,249,7,3,18,18,107238000.0
Sarbet,Apartment,190,2,1,34,3,57500000.0
Piassa,Apartment,202,2,1,22,0,62033000.0
CMC,Apartment,201,2,3,22,10,49122000.0
Akaki,Condominium,43,2,1,16,18,1800000.0
Old Airport,Condominium,100,1,1,28,5,2793000.0
CMC,Villa,285,8,3,21,10,224440000.0
Piassa,Apartment,170,3,2,18,0,54142000.0
Ayat,Apartment,205,3,1,0,13,39416000.0
Jemo,Apartment,192,2,1,5,14,34491000.0
Gullele,Villa,309,8,3,20,6,170913000.0
Kazanchis,Condominium,52,1,1,13,1,2621000.0
Bole,Apartment,197,4,3,10,4,77720000.0
Piassa,Apartment,201,3,2,27,0,68711000.0
Piassa,Apartment,125,4,1,5,0,38693000.0
Summit,Condominium,39,1,1,32,12,1800000.0
Lebu,Condominium,83,1,1,20,9,1800000.0
Akaki,Condominium,67,2,1,34,18,1800000.0
Bole,Villa,460,9,6,16,4,658991000.0
Kazanchis,Apartment,132,2,2,9,1,50158000.0
Kazanchis,Villa,227,4,4,0,1,276430000.0
Bole,Condominium,66,2,1,27,4,1800000.0
Summit,Villa,399,5,4,2,12,290968000.0
Lebu,Condominium,91,1,1,22,9,1800000.0
CMC,Apartment,145,4,3,33,10,35521000.0
Akaki,Villa,457,4,4,32,18,170879000.0
Summit,Condominium,64,1,1,16,12,1800000.0
Piassa,Villa,218,5,4,1,0,247884000.0
Akaki,Apartment,194,4,1,22,18,21556000.0
Summit,Condominium,59,1,1,31,12,1800000.0
Kazanchis,Apartment,140,3,3,18,1,49352000.0
Gullele,Villa,554,9,3,4,6,340184000.0
Jemo,Apartment,125,3,1,13,14,16496000.0
Gullele,Condominium,90,2,1,16,6,1800000.0
Gullele,Condominium,42,1,1,34,6,1800000.0
Summit,Apartment,107,4,2,23,12,16333000.0
Old Airport,Condominium,48,1,1,6,5,2791000.0
Akaki,Apartment,97,3,2,34,18,4794000.0
Kazanchis,Villa,268,8,6,9,1,354371000.0
Lebu,Apartment,123,2,1,12,9,26798000.0
Sarbet,Apartment,217,4,1,17,3,75357000.0
Old Airport,Apartment,192,4,2,5,5,69527000.0
Sarbet,Apartment,138,2,2,32,3,42475000.0
Akaki,Villa,499,4,5,2,18,184269000.0
Kazanchis,Villa,378,7,6,30,1,456380000.0
Akaki,Condominium,40,2,1,29,18,1800000.0
Summit,Condominium,96,1,1,1,12,2505000.0
Kazanchis,Condominium,39,2,1,25,1,1800000.0
Lebu,Condominium,54,1,1,11,9,1800000.0
Lebu,Apartment,218,4,1,2,9,48639000.0
Bole,Apartment,89,2,3,9,4,32947000.0
CMC,Villa,414,6,5,23,10,366911000.0
Lebu,Apartment,173,4,1,4,9,42409000.0
Jemo,Villa,184,4,6,21,14,100590000.0
Piassa,Condominium,106,1,1,13,0,6678000.0
CMC,Condominium,60,2,1,3,10,1800000.0
Jemo,Condominium,52,2,1,7,14,1800000.0
Kazanchis,Apartment,176,4,3,14,1,61015000.0
Bole,Villa,374,5,4,5,4,479868000.0
Summit,Condominium,49,1,1,28,12,1800000.0
Bole,Apartment,117,2,1,26,4,47128000.0
Akaki,Condominium,72,1,1,30,18,1800000.0
Sarbet,Apartment,94,2,1,28,3,30192000.0
Old Airport,Villa,264,6,6,25,5,299042000.0
Akaki,Apartment,90,3,2,5,18,8153000.0
Akaki,Villa,290,9,4,24,18,104210000.0
Bole,Villa,465,6,6,3,4,646579000.0
Gullele,Villa,200,8,4,21,6,118425000.0
Akaki,Apartment,125,2,1,25,18,12705000.0
CMC,Apartment,132,2,2,25,10,30309000.0
Jemo,Villa,393,4,4,10,14,230410000.0
Akaki,Condominium,51,2,1,23,18,1800000.0
Jemo,Apartment,167,2,1,28,14,27648000.0
Piassa,Villa,198,4,6,19,0,227637000.0
Lebu,Condominium,97,1,1,6,9,2146000.0
Ayat,Apartment,141,3,1,28,13,24090000.0
Summit,Apartment,80,3,3,1,12,13867000.0
Lebu,Condominium,38,1,1,7,9,1800000.0
Ayat,Condominium,66,2,1,9,13,1800000.0
Bole,Villa,437,5,5,28,4,590734000.0
Summit,Villa,396,6,6,22,12,263420000.0
Kazanchis,Condominium,42,2,1,34,1,1800000.0
Summit,Condominium,80,1,1,15,12,1800000.0
CMC,Apartment,134,3,3,9,10,30726000.0
Ayat,Condominium,53,2,1,18,13,1800000.0
Old Airport,Condominium,103,2,1,10,5,8385000.0
Gullele,Condominium,101,1,1,11,6,1800000.0
Jemo,Apartment,178,3,2,23,14,29791000.0
Bole,Condominium,93,2,1,22,4,4145000.0
Kazanchis,Apartment,88,3,1,24,1,33556000.0
Ayat,Villa,427,6,4,3,13,325976000.0
Lebu,Condominium,76,2,1,33,9,1800000.0
Bole,Apartment,201,4,1,21,4,78626000.0
Piassa,Apartment,132,4,2,16,0,46984000.0
Gullele,Apartment,201,3,2,0,6,36705000.0
Gullele,Villa,416,6,6,34,6,216282000.0
Lebu,Apartment,190,3,2,4,9,38625000.0
Sarbet,Villa,393,6,3,33,3,433097000.0
Jemo,Condominium,107,1,1,16,14,1800000.0
Summit,Apartment,118,4,3,29,12,17472000.0
Lebu,Apartment,98,2,3,16,9,20075000.0
Piassa,Apartment,162,4,1,16,0,55714000.0
Ayat,Condominium,104,2,1,24,13,1800000.0
Akaki,Condominium,60,1,1,31,18,1800000.0
Gullele,Apartment,105,2,2,6,6,18140000.0
Old Airport,Apartment,161,4,2,34,5,55827000.0
Old Airport,Apartment,182,2,2,30,5,69628000.0
Old Airport,Condominium,77,2,1,25,5,1800000.0
Ayat,Apartment,118,4,1,3,13,22909000.0
Old Airport,Apartment,187,3,2,34,5,72305000.0
Gullele,Condominium,47,1,1,17,6,1800000.0
CMC,Apartment,95,4,1,9,10,25908000.0
Jemo,Apartment,163,2,1,29,14,22059000.0
Summit,Apartment,147,3,2,24,12,24592000.0
Bole,Condominium,107,1,1,23,4,4330000.0
Piassa,Apartment,142,3,3,12,0,50466000.0
Old Airport,Villa,201,7,5,7,5,252804000.0
CMC,Condominium,108,1,1,33,10,1800000.0
Jemo,Villa,390,5,5,5,14,241416000.0
Ayat,Condominium,54,2,1,34,13,1800000.0
Old Airport,Apartment,82,4,2,12,5,31383000.0
Jemo,Condominium,45,1,1,2,14,1800000.0
Akaki,Villa,286,6,3,33,18,125906000.0
Summit,Condominium,45,1,1,33,12,1800000.0
Summit,Apartment,117,4,1,25,12,19731000.0
Piassa,Villa,230,5,6,31,0,241451000.0
Kazanchis,Condominium,90,2,1,33,1,3025000.0
Bole,Condominium,53,2,1,27,4,1800000.0
Bole,Villa,453,4,3,24,4,525993000.0
CMC,Condominium,92,1,1,30,10,1800000.0
Ayat,Villa,309,6,3,29,13,238521000.0
Piassa,Villa,373,8,4,26,0,403600000.0
Bole,Apartment,183,4,2,23,4,68586000.0
Kazanchis,Condominium,108,1,1,31,1,3819000.0
Old Airport,Apartment,139,4,2,28,5,47237000.0
Sarbet,Villa,368,4,6,21,3,428076000.0
Bole,Apartment,101,3,3,17,4,39571000.0
Ayat,Villa,182,9,5,14,13,122741000.0
Kazanchis,Apartment,105,3,2,33,1,31106000.0
Ayat,Condominium,109,2,1,31,13,1800000.0
Old Airport,Condominium,56,1,1,26,5,1800000.0
Gullele,Condominium,49,2,1,34,6,1800000.0
Bole,Condominium,46,2,1,14,4,2573000.0
Piassa,Villa,294,8,3,7,0,272393000.0
Akaki,Condominium,105,1,1,28,18,1800000.0
Jemo,Villa,422,9,6,19,14,265132000.0
Sarbet,Apartment,142,3,2,1,3,48946000.0
Bole,Villa,423,9,6,17,4,578637000.0
Lebu,Apartment,124,2,1,7,9,29764000.0
Jemo,Villa,526,9,6,14,14,334952000.0
Lebu,Apartment,176,3,1,32,9,34087000.0
Ayat,Villa,508,5,4,14,13,384085000.0
Old Airport,Villa,577,4,6,10,5,804349000.0
Jemo,Condominium,42,2,1,27,14,1800000.0
Sarbet,Apartment,206,4,3,19,3,83918000.0
Lebu,Apartment,82,4,1,13,9,19205000.0
Akaki,Condominium,46,1,1,11,18,1800000.0
Ayat,Apartment,111,4,2,5,13,21686000.0
Old Airport,Condominium,71,2,1,2,5,5825000.0
Lebu,Villa,502,7,3,29,9,359950000.0
CMC,Condominium,95,2,1,19,10,1800000.0
Sarbet,Apartment,129,2,3,31,3,43460000.0
Jemo,Apartment,196,3,2,14,14,31746000.0
Gullele,Condominium,92,2,1,11,6,1800000.0
Kazanchis,Apartment,119,2,3,32,1,41636000.0
Ayat,Apartment,93,3,2,4,13,17238000.0
Lebu,Apartment,141,3,1,13,9,24923000.0
Old Airport,Villa,294,6,3,27,5,364827000.0
Old Airport,Condominium,39,1,1,0,5,2785000.0
Ayat,Apartment,218,3,3,13,13,45789000.0
Gullele,Apartment,155,3,1,0,6,32459000.0
Piassa,Condominium,98,2,1,19,0,4409000.0
Piassa,Villa,570,8,6,27,0,608627000.0
Akaki,Villa,519,9,4,8,18,256726000.0
CMC,Condominium,63,1,1,34,10,1800000.0
CMC,Villa,328,9,6,19,10,274741000.0
CMC,Apartment,122,3,2,24,10,29369000.0
Summit,Apartment,117,4,2,15,12,21731000.0
Old Airport,Villa,524,5,3,0,5,607586000.0
Lebu,Condominium,81,2,1,0,9,3527000.0
Ayat,Condominium,77,2,1,29,13,1800000.0
Summit,Condominium,106,1,1,3,12,1812000.0
Bole,Apartment,110,3,1,4,4,37310000.0
Old Airport,Condominium,104,1,1,8,5,7687000.0
Bole,Apartment,92,2,1,12,4,32671000.0
Old Airport,Apartment,211,3,3,5,5,79612000.0
Old Airport,Condominium,57,1,1,10,5,1901000.0
Ayat,Villa,292,4,6,6,13,189397000.0
CMC,Apartment,172,2,1,31,10,33110000.0
Gullele,Apartment,189,3,2,1,6,32265000.0
Jemo,Apartment,105,3,2,27,14,10452000.0
CMC,Villa,377,6,6,22,10,273595000.0
Lebu,Condominium,77,1,1,20,9,1800000.0
Jemo,Condominium,85,1,1,3,14,1800000.0
CMC,Apartment,98,3,2,3,10,23070000.0
Akaki,Condominium,62,1,1,7,18,1800000.0
Gullele,Apartment,81,2,1,3,6,13560000.0
Ayat,Condominium,108,1,1,12,13,1800000.0
Ayat,Apartment,121,3,3,0,13,26736000.0
Akaki,Villa,555,9,3,21,18,203527000.0
Piassa,Villa,158,5,6,7,0,174104000.0
Akaki,Condominium,84,2,1,18,18,1800000.0
Sarbet,Apartment,168,3,3,9,3,69951000.0
Bole,Condominium,67,1,1,20,4,1800000.0
Bole,Villa,442,6,6,6,4,492043000.0
Jemo,Apartment,81,4,3,20,14,10871000.0
Old Airport,Apartment,197,2,3,10,5,76582000.0
Gullele,Condominium,70,2,1,32,6,1800000.0
Sarbet,Villa,285,4,5,5,3,306721000.0
Bole,Condominium,94,1,1,26,4,2926000.0
CMC,Apartment,129,4,2,2,10,29770000.0
Kazanchis,Condominium,64,2,1,7,1,4761000.0
Lebu,Apartment,115,2,1,28,9,18924000.0
Gullele,Villa,270,7,3,15,6,159413000.0
Piassa,Condominium,37,2,1,29,0,1800000.0
Summit,Villa,509,7,3,29,12,296381000.0
CMC,Villa,555,5,6,31,10,467381000.0
Lebu,Villa,291,7,3,22,9,219637000.0
Old Airport,Apartment,184,2,2,26,5,66480000.0
Kazanchis,Apartment,134,3,3,21,1,42158000.0
Akaki,Apartment,139,2,2,11,18,13580000.0
Summit,Apartment,213,4,3,13,12,46071000.0
Jemo,Apartment,145,4,2,34,14,19376000.0
Gullele,Condominium,59,1,1,32,6,1800000.0
Sarbet,Apartment,144,3,2,2,3,48746000.0
CMC,Villa,174,7,3,11,10,150471000.0
Piassa,Apartment,157,3,1,5,0,46144000.0
Kazanchis,Apartment,89,2,2,10,1,36332000.0
Old Airport,Villa,205,4,5,18,5,236179000.0
Ayat,Condominium,38,2,1,16,13,1800000.0
CMC,Apartment,131,2,2,34,10,23547000.0
Ayat,Condominium,39,2,1,1,13,1800000.0
Akaki,Apartment,158,2,2,22,18,14991000.0
Bole,Apartment,161,2,1,31,4,52250000.0
Sarbet,Apartment,218,4,1,25,3,78132000.0
Kazanchis,Apartment,121,2,2,12,1,40071000.0
Bole,Condominium,51,2,1,8,4,3317000.0
Old Airport,Villa,593,8,6,10,5,708056000.0
Ayat,Condominium,93,2,1,7,13,1800000.0
Ayat,Apartment,148,2,3,7,13,28991000.0
Summit,Villa,192,4,3,23,12,98219000.0
Sarbet,Apartment,214,4,3,4,3,78347000.0
CMC,Condominium,42,2,1,9,10,1800000.0
Old Airport,Condominium,101,1,1,3,5,8664000.0
Jemo,Apartment,201,4,2,9,14,32852000.0
Summit,Villa,418,8,6,30,12,296203000.0
Piassa,Villa,159,4,6,17,0,160406000.0
Akaki,Apartment,193,3,2,19,18,18170000.0
CMC,Condominium,85,2,1,20,10,1800000.0
Ayat,Condominium,46,1,1,17,13,1800000.0
CMC,Condominium,55,2,1,7,10,1800000.0
Ayat,Condominium,109,2,1,21,13,1800000.0
Lebu,Condominium,56,2,1,28,9,1800000.0
CMC,Condominium,61,2,1,30,10,1800000.0
Kazanchis,Villa,193,8,4,32,1,194475000.0
Kazanchis,Villa,179,7,5,24,1,215446000.0
CMC,Villa,511,5,6,7,10,458688000.0
Bole,Apartment,143,3,2,24,4,49030000.0
Gullele,Condominium,80,1,1,26,6,1800000.0
Jemo,Apartment,165,3,2,11,14,24315000.0
Bole,Villa,270,5,3,19,4,315246000.0
Ayat,Apartment,180,3,3,3,13,36714000.0
Sarbet,Condominium,60,1,1,20,3,1800000.0
Bole,Apartment,83,2,2,2,4,30163000.0
Summit,Villa,335,7,6,23,12,239426000.0
Piassa,Condominium,83,1,1,18,0,3920000.0
Lebu,Condominium,64,2,1,30,9,1800000.0
Sarbet,Villa,262,4,4,27,3,321812000.0
Akaki,Condominium,91,2,1,32,18,1800000.0
Akaki,Condominium,81,2,1,10,18,1800000.0
Ayat,Apartment,148,2,1,9,13,28827000.0
Kazanchis,Condominium,76,1,1,25,1,1800000.0
Kazanchis,Apartment,143,2,1,20,1,45776000.0
Lebu,Apartment,205,4,3,34,9,32311000.0
Bole,Condominium,104,1,1,30,4,3120000.0
CMC,Villa,513,5,4,21,10,456346000.0
Piassa,Apartment,93,3,2,30,0,30955000.0
Piassa,Villa,377,6,6,17,0,389864000.0
Gullele,Apartment,100,3,1,26,6,13837000.0
Old Airport,Condominium,109,2,1,23,5,4823000.0
Ayat,Apartment,199,3,1,20,13,40862000.0
Gullele,Villa,454,6,5,24,6,227729000.0
CMC,Apartment,196,4,2,6,10,52690000.0
Summit,Villa,503,7,4,21,12,383732000.0
Bole,Apartment,177,2,2,20,4,69159000.0
Jemo,Condominium,50,2,1,21,14,1800000.0
Piassa,Villa,573,9,6,9,0,504978000.0
CMC,Villa,532,7,4,21,10,444174000.0
Summit,Villa,228,9,6,27,12,169616000.0
Bole,Villa,558,9,5,7,4,729246000.0
Piassa,Apartment,85,4,3,24,0,25025000.0
CMC,Condominium,46,2,1,7,10,1800000.0
Summit,Apartment,120,2,1,7,12,20782000.0
Summit,Apartment,139,3,2,6,12,29828000.0
Kazanchis,Apartment,106,3,3,32,1,34592000.0
Summit,Condominium,82,1,1,3,12,1800000.0
Lebu,Condominium,53,2,1,8,9,1800000.0
Bole,Apartment,198,2,1,29,4,81866000.0
Old Airport,Villa,251,5,5,26,5,290932000.0
Sarbet,Condominium,68,2,1,4,3,5461000.0
Kazanchis,Villa,414,7,4,5,1,457489000.0
Akaki,Condominium,107,1,1,23,18,1800000.0
Old Airport,Condominium,64,2,1,20,5,1800000.0
Old Airport,Apartment,161,3,3,22,5,67223000.0
Lebu,Condominium,45,2,1,14,9,1800000.0
Kazanchis,Condominium,62,1,1,5,1,5095000.0
Jemo,Condominium,35,2,1,22,14,1800000.0
Gullele,Apartment,117,4,3,20,6,17413000.0
Kazanchis,Condominium,87,2,1,13,1,5977000.0
Jemo,Condominium,40,1,1,26,14,1800000.0
Ayat,Villa,503,9,4,13,13,356567000.0
Kazanchis,Apartment,157,4,1,24,1,61588000.0
Summit,Condominium,60,2,1,22,12,1800000.0
Kazanchis,Condominium,53,1,1,27,1,1800000.0
Sarbet,Condominium,97,1,1,18,3,4488000.0
Summit,Apartment,88,2,1,13,12,16497000.0
Akaki,Villa,592,9,4,3,18,262665000.0
Lebu,Condominium,89,2,1,28,9,1800000.0
Bole,Apartment,91,4,3,20,4,32321000.0
Sarbet,Villa,321,4,3,8,3,361657000.0
Jemo,Condominium,99,2,1,22,14,1800000.0
Piassa,Apartment,94,2,3,25,0,26713000.0
Sarbet,Apartment,100,4,2,19,3,35333000.0
Ayat,Apartment,107,3,1,2,13,23699000.0
Lebu,Apartment,170,4,1,0,9,39188000.0
Lebu,Apartment,140,3,2,26,9,24382000.0
Summit,Villa,511,4,3,28,12,396644000.0
Kazanchis,Apartment,163,2,1,7,1,58391000.0
Akaki,Condominium,73,1,1,8,18,1800000.0
Bole,Villa,456,6,5,12,4,615801000.0
Akaki,Villa,544,8,5,0,18,278238000.0
Summit,Condominium,46,1,1,32,12,1800000.0
Gullele,Condominium,103,2,1,24,6,1800000.0
Ayat,Villa,489,5,4,1,13,346820000.0
Sarbet,Apartment,206,3,1,18,3,76779000.0
Bole,Villa,527,6,5,1,4,785040000.0
Jemo,Apartment,130,4,1,9,14,18891000.0
Jemo,Apartment,107,4,2,26,14,13820000.0
CMC,Condominium,72,1,1,15,10,1800000.0
Akaki,Apartment,124,4,2,20,18,14229000.0
Bole,Villa,558,4,4,27,4,759423000.0
Sarbet,Condominium,107,1,1,29,3,2630000.0
Piassa,Villa,437,6,5,27,0,513965000.0
Ayat,Apartment,127,3,3,32,13,21662000.0
Summit,Apartment,86,2,1,0,12,15752000.0
Gullele,Apartment,205,4,1,4,6,37523000.0
Summit,Apartment,195,3,1,30,12,30715000.0
CMC,Villa,493,6,5,10,10,428769000.0
Sarbet,Villa,579,9,5,26,3,636354000.0
Gullele,Condominium,71,2,1,34,6,1800000.0
Ayat,Apartment,97,2,1,28,13,10811000.0
Lebu,Apartment,128,2,2,21,9,22393000.0
CMC,Condominium,85,1,1,33,10,1800000.0
Bole,Apartment,206,2,3,3,4,78124000.0
Kazanchis,Villa,596,8,5,12,1,701692000.0
Kazanchis,Condominium,58,2,1,18,1,3551000.0
CMC,Condominium,42,2,1,4,10,1800000.0
Kazanchis,Villa,240,8,4,10,1,255360000.0
Lebu,Apartment,219,3,1,10,9,47621000.0
Summit,Apartment,125,3,2,16,12,22083000.0
Kazanchis,Apartment,127,3,3,10,1,50629000.0
Akaki,Apartment,161,4,3,3,18,19287000.0
Ayat,Condominium,82,1,1,8,13,1800000.0
Summit,Villa,443,6,5,4,12,318493000.0
Ayat,Villa,171,8,4,2,13,114399000.0
CMC,Apartment,114,3,1,29,10,24476000.0
Kazanchis,Condominium,42,2,1,6,1,4015000.0
CMC,Villa,285,8,6,8,10,214429000.0
Bole,Condominium,100,1,1,22,4,3809000.0
Sarbet,Apartment,181,4,3,7,3,64890000.0
Kazanchis,Apartment,113,2,1,18,1,33560000.0
Summit,Villa,311,5,6,15,12,209144000.0
Lebu,Villa,599,5,3,30,9,428350000.0
Summit,Apartment,199,3,3,26,12,32664000.0
Lebu,Apartment,132,4,1,16,9,29046000.0
CMC,Villa,424,4,3,21,10,353219000.0
Bole,Condominium,66,2,1,9,4,5396000.0
Sarbet,Apartment,193,3,2,27,3,70970000.0
Sarbet,Apartment,158,3,2,3,3,58462000.0
Old Airport,Apartment,113,3,2,10,5,40834000.0
Jemo,Condominium,91,1,1,28,14,1800000.0
Old Airport,Apartment,213,2,1,28,5,77523000.0
Piassa,Villa,214,6,5,8,0,220139000.0
Sarbet,Condominium,85,1,1,18,3,3776000.0
Bole,Apartment,135,4,1,16,4,51580000.0
Bole,Condominium,89,2,1,22,4,5280000.0
CMC,Condominium,47,1,1,32,10,1800000.0
Sarbet,Condominium,107,1,1,19,3,4590000.0
Kazanchis,Apartment,116,3,1,27,1,39631000.0
Old Airport,Apartment,184,4,1,12,5,76040000.0
Old Airport,Apartment,179,4,2,15,5,72763000.0
Lebu,Condominium,79,1,1,33,9,1800000.0
Jemo,Villa,412,7,4,2,14,267425000.0
CMC,Condominium,88,2,1,0,10,3302000.0
Sarbet,Villa,384,6,3,9,3,400326000.0
Gullele,Villa,314,9,6,1,6,183066000.0
Lebu,Condominium,48,2,1,34,9,1800000.0
Bole,Condominium,58,1,1,24,4,1800000.0
Sarbet,Villa,495,9,3,19,3,481071000.0
Bole,Apartment,106,3,1,29,4,36073000.0
Jemo,Villa,283,8,3,32,14,152380000.0
Jemo,Apartment,95,4,1,12,14,15004000.0
Ayat,Condominium,85,1,1,31,13,1800000.0
Jemo,Apartment,124,3,3,3,14,21841000.0
Summit,Villa,306,5,4,27,12,187583000.0
Piassa,Villa,239,4,5,4,0,253693000.0
Summit,Condominium,84,1,1,14,12,1800000.0
Bole,Villa,348,5,3,25,4,447896000.0
Jemo,Condominium,79,1,1,10,14,1800000.0
Sarbet,Apartment,144,2,3,23,3,49120000.0
Lebu,Apartment,126,4,1,25,9,23555000.0
Lebu,Apartment,94,2,2,20,9,21851000.0
CMC,Apartment,141,3,2,17,10,29530000.0
Kazanchis,Villa,242,7,3,32,1,291096000.0
Bole,Condominium,84,1,1,30,4,1800000.0
Akaki,Apartment,97,4,3,17,18,9039000.0
Gullele,Villa,257,6,3,33,6,130687000.0
Old Airport,Condominium,42,1,1,7,5,2240000.0
Sarbet,Villa,470,6,5,16,3,537677000.0
Lebu,Condominium,78,1,1,9,9,1800000.0
Sarbet,Apartment,183,3,3,7,3,61985000.0
Akaki,Villa,513,8,3,9,18,246421000.0
Sarbet,Apartment,113,4,1,31,3,26243000.0
Kazanchis,Apartment,196,3,3,34,1,80935000.0
Bole,Apartment,169,3,1,17,4,54671000.0
Bole,Villa,207,5,3,19,4,293617000.0
Sarbet,Villa,464,6,3,4,3,505858000.0
Sarbet,Apartment,218,4,1,34,3,76049000.0
Piassa,Condominium,53,1,1,6,0,3715000.0
Sarbet,Condominium,49,2,1,28,3,1800000.0
Summit,Villa,296,9,6,26,12,154831000.0
Summit,Condominium,97,1,1,33,12,1800000.0
Summit,Apartment,83,4,2,22,12,12315000.0
CMC,Condominium,91,1,1,5,10,2751000.0
CMC,Condominium,74,1,1,20,10,1800000.0
Kazanchis,Villa,481,9,5,4,1,544391000.0
Ayat,Apartment,109,3,1,24,13,15842000.0
Jemo,Apartment,202,4,2,15,14,30983000.0
Summit,Condominium,88,1,1,7,12,1800000.0
Gullele,Condominium,93,2,1,8,6,1988000.0
Bole,Condominium,44,2,1,16,4,1800000.0
Jemo,Villa,506,9,3,0,14,322568000.0
Jemo,Villa,230,4,5,23,14,128566000.0
Ayat,Apartment,80,4,3,16,13,13567000.0
Old Airport,Condominium,107,1,1,5,5,8192000.0
Piassa,Condominium,89,2,1,0,0,8691000.0
Bole,Apartment,94,3,1,18,4,33435000.0
Gullele,Apartment,211,4,1,18,6,35427000.0
Lebu,Apartment,162,2,1,4,9,39496000.0
Kazanchis,Condominium,77,2,1,24,1,3265000.0
Sarbet,Condominium,78,1,1,1,3,6328000.0
CMC,Villa,355,6,4,15,10,316720000.0
Ayat,Condominium,106,2,1,32,13,1800000.0
Akaki,Villa,289,4,4,32,18,127994000.0
CMC,Condominium,103,2,1,32,10,1800000.0
Kazanchis,Condominium,100,2,1,3,1,8039000.0
Bole,Apartment,214,4,3,13,4,89096000.0
Summit,Condominium,58,2,1,9,12,1800000.0
Jemo,Condominium,96,1,1,9,14,1800000.0
CMC,Villa,574,4,5,11,10,445710000.0
Ayat,Apartment,89,3,1,34,13,9636000.0
Gullele,Condominium,60,1,1,26,6,1800000.0
Lebu,Villa,190,9,6,18,9,165339000.0
CMC,Villa,472,9,5,26,10,435257000.0
Gullele,Apartment,175,3,1,1,6,30470000.0
Lebu,Apartment,104,2,1,3,9,24025000.0
Ayat,Apartment,162,2,2,8,13,31041000.0
Lebu,Condominium,51,2,1,26,9,1800000.0
Lebu,Apartment,164,4,1,27,9,35216000.0
Akaki,Condominium,60,1,1,27,18,1800000.0
Bole,Apartment,120,3,2,19,4,47352000.0
CMC,Condominium,86,1,1,32,10,1800000.0
Jemo,Villa,448,5,6,10,14,302119000.0
Gullele,Apartment,95,3,2,9,6,15318000.0
Old Airport,Condominium,53,2,1,12,5,2162000.0
Lebu,Condominium,42,1,1,16,9,1800000.0
Jemo,Villa,256,4,5,27,14,159297000.0
Akaki,Condominium,74,2,1,14,18,1800000.0
Piassa,Apartment,142,3,3,12,0,47555000.0
Akaki,Apartment,147,4,1,2,18,14793000.0
Lebu,Condominium,35,2,1,20,9,1800000.0
Ayat,Condominium,81,2,1,18,13,1800000.0
Kazanchis,Condominium,35,2,1,11,1,2099000.0
Ayat,Apartment,140,4,2,23,13,21410000.0
Jemo,Condominium,80,2,1,31,14,1800000.0
Bole,Apartment,118,2,1,20,4,47735000.0
Jemo,Villa,258,6,5,21,14,168488000.0
Ayat,Condominium,101,2,1,21,13,1800000.0
Jemo,Villa,314,8,6,22,14,209267000.0
CMC,Condominium,40,2,1,17,10,1800000.0
Lebu,Apartment,205,4,2,13,9,48754000.0
Kazanchis,Villa,350,5,6,10,1,390231000.0
Ayat,Villa,395,6,4,14,13,284925000.0
Akaki,Apartment,112,3,1,18,18,11210000.0
Kazanchis,Condominium,81,2,1,0,1,7845000.0
Lebu,Apartment,172,4,1,28,9,32588000.0
Ayat,Villa,431,4,5,12,13,320520000.0
Ayat,Condominium,87,1,1,16,13,1800000.0
Akaki,Villa,402,6,5,28,18,198935000.0
Piassa,Condominium,88,2,1,8,0,7126000.0
Summit,Condominium,75,1,1,6,12,1800000.0
Old Airport,Apartment,94,4,3,29,5,31902000.0
Jemo,Condominium,85,2,1,1,14,1800000.0
Sarbet,Condominium,91,1,1,17,3,2671000.0
Old Airport,Apartment,158,2,3,28,5,52476000.0
Summit,Villa,211,7,5,10,12,139864000.0
Gullele,Apartment,175,4,2,1,6,31485000.0
Piassa,Apartment,140,4,1,7,0,55399000.0
Jemo,Apartment,180,2,2,31,14,22179000.0
CMC,Villa,193,8,5,6,10,165463000.0
Piassa,Villa,369,9,3,16,0,410665000.0
CMC,Condominium,70,2,1,21,10,1800000.0
Gullele,Apartment,92,4,2,15,6,13776000.0
Summit,Apartment,209,3,2,11,12,36958000.0
Gullele,Apartment,159,2,2,1,6,27613000.0
Ayat,Condominium,96,2,1,2,13,1800000.0
Lebu,Condominium,95,1,1,29,9,1800000.0
Gullele,Apartment,179,4,2,9,6,29568000.0
Ayat,Condominium,38,2,1,22,13,1800000.0
Bole,Apartment,80,2,3,21,4,30749000.0
Lebu,Apartment,175,4,3,4,9,45771000.0
Lebu,Apartment,189,4,3,28,9,42340000.0
Ayat,Condominium,52,2,1,7,13,1800000.0
Lebu,Villa,425,7,5,30,9,284549000.0
Akaki,Condominium,108,1,1,26,18,1800000.0
Sarbet,Condominium,55,1,1,10,3,2414000.0
Piassa,Condominium,69,2,1,30,0,1800000.0
Sarbet,Villa,356,6,4,34,3,438610000.0
Kazanchis,Apartment,164,2,2,18,1,60147000.0
Kazanchis,Apartment,153,2,3,24,1,54631000.0
Sarbet,Apartment,166,4,2,33,3,55851000.0
Akaki,Apartment,91,3,2,19,18,4227000.0
Lebu,Apartment,111,4,1,17,9,25578000.0
Summit,Condominium,55,2,1,4,12,1800000.0
Ayat,Condominium,88,2,1,21,13,1800000.0
Sarbet,Apartment,183,3,2,16,3,57649000.0
Old Airport,Villa,261,4,5,14,5,330436000.0
Lebu,Apartment,169,3,1,12,9,39514000.0
Old Airport,Apartment,145,3,2,10,5,47158000.0
Lebu,Condominium,63,2,1,25,9,1800000.0
Bole,Apartment,195,4,2,6,4,80749000.0
Summit,Villa,330,4,5,19,12,216476000.0
CMC,Condominium,91,2,1,14,10,1800000.0
Ayat,Apartment,96,3,2,28,13,13888000.0
Kazanchis,Apartment,177,3,3,33,1,58705000.0
Summit,Villa,201,8,6,2,12,136456000.0
CMC,Condominium,74,2,1,22,10,1800000.0
Summit,Villa,205,7,4,27,12,144597000.0
Bole,Apartment,92,2,2,21,4,33613000.0
Lebu,Condominium,56,2,1,30,9,1800000.0
Ayat,Condominium,80,2,1,4,13,1800000.0
Summit,Apartment,191,3,3,16,12,35749000.0
Bole,Apartment,136,4,2,33,4,56748000.0
Old Airport,Condominium,74,1,1,14,5,3009000.0
Gullele,Apartment,142,4,3,12,6,22024000.0
Old Airport,Apartment,155,3,3,6,5,57591000.0
Jemo,Condominium,52,2,1,3,14,1800000.0
Summit,Villa,486,4,3,5,12,254274000.0
Kazanchis,Condominium,94,2,1,13,1,5902000.0
Ayat,Condominium,66,1,1,27,13,1800000.0
CMC,Apartment,210,2,2,33,10,48787000.0
Lebu,Condominium,106,2,1,5,9,4117000.0
Kazanchis,Condominium,93,2,1,30,1,2034000.0
Sarbet,Condominium,75,1,1,20,3,2501000.0
Gullele,Apartment,206,3,1,19,6,29029000.0
Sarbet,Apartment,96,3,2,26,3,28648000.0
Ayat,Apartment,87,4,2,12,13,12613000.0
Jemo,Condominium,36,2,1,17,14,1800000.0
Bole,Condominium,47,2,1,28,4,1800000.0
Akaki,Villa,298,4,6,18,18,151485000.0
Sarbet,Condominium,86,2,1,30,3,1800000.0
Bole,Condominium,43,2,1,0,4,3988000.0
Piassa,Villa,247,4,6,14,0,293134000.0
Jemo,Apartment,151,4,2,11,14,24603000.0
Bole,Apartment,121,3,3,10,4,55047000.0
Bole,Villa,370,8,3,22,4,498829000.0
Summit,Apartment,181,2,1,7,12,32254000.0
Akaki,Apartment,194,3,3,18,18,23395000.0
Ayat,Apartment,96,3,3,27,13,15380000.0
Gullele,Condominium,70,2,1,12,6,1800000.0
Sarbet,Condominium,94,2,1,18,3,3965000.0
Summit,Apartment,107,2,2,17,12,15074000.0
Summit,Apartment,193,3,3,8,12,40711000.0
Summit,Apartment,104,4,2,2,12,19220000.0
Gullele,Villa,267,5,3,25,6,131207000.0
Kazanchis,Condominium,39,1,1,26,1,1800000.0
Bole,Villa,254,8,6,25,4,339656000.0
Old Airport,Condominium,38,1,1,0,5,2943000.0
Lebu,Villa,307,6,4,20,9,258020000.0
Lebu,Villa,521,9,3,14,9,393962000.0
Gullele,Apartment,125,2,1,23,6,17416000.0
Bole,Villa,513,7,5,17,4,595822000.0
CMC,Condominium,57,2,1,2,10,2001000.0
Sarbet,Villa,352,8,6,4,3,335112000.0
Gullele,Apartment,134,2,3,28,6,19192000.0
Old Airport,Condominium,94,1,1,29,5,1800000.0
Akaki,Apartment,155,4,2,12,18,14472000.0
Lebu,Apartment,173,2,3,30,9,37516000.0
Gullele,Apartment,110,2,1,21,6,15822000.0
Bole,Villa,331,5,3,14,4,372702000.0
Bole,Villa,248,8,6,7,4,287474000.0
Lebu,Apartment,157,2,2,34,9,31094000.0
Summit,Condominium,88,1,1,26,12,1800000.0
Summit,Condominium,40,1,1,21,12,1800000.0
Gullele,Condominium,68,2,1,4,6,1800000.0
Akaki,Condominium,52,2,1,16,18,1800000.0
Jemo,Condominium,47,1,1,14,14,1800000.0
Piassa,Condominium,69,1,1,19,0,2440000.0
Sarbet,Condominium,82,2,1,23,3,1841000.0
Akaki,Condominium,66,2,1,12,18,1800000.0
Lebu,Condominium,48,1,1,14,9,1800000.0
Akaki,Villa,549,9,6,25,18,239288000.0
Piassa,Apartment,110,4,2,7,0,43196000.0
Jemo,Apartment,87,4,3,15,14,12693000.0
Kazanchis,Villa,379,5,4,4,1,436878000.0
Old Airport,Condominium,79,1,1,4,5,6359000.0
Lebu,Condominium,38,1,1,22,9,1800000.0
Summit,Apartment,85,4,3,2,12,17394000.0
Gullele,Villa,550,7,5,3,6,294001000.0
Lebu,Condominium,69,2,1,0,9,2493000.0
Sarbet,Apartment,90,2,3,2,3,26855000.0
Akaki,Condominium,57,2,1,18,18,1800000.0
CMC,Apartment,109,2,2,24,10,24482000.0
Gullele,Apartment,206,2,1,13,6,35971000.0
Kazanchis,Apartment,89,4,3,10,1,31714000.0
Old Airport,Condominium,76,2,1,10,5,4274000.0
Bole,Villa,336,5,6,5,4,403144000.0
Gullele,Apartment,156,4,2,1,6,30952000.0
Gullele,Apartment,106,4,3,7,6,18695000.0
Summit,Villa,290,9,5,16,12,205485000.0
Bole,Villa,157,8,4,15,4,177202000.0
Ayat,Villa,220,8,6,28,13,162262000.0
Kazanchis,Apartment,98,2,2,20,1,36136000.0
Sarbet,Apartment,104,3,3,1,3,40600000.0
Lebu,Villa,295,8,4,29,9,253540000.0
Akaki,Apartment,179,3,3,8,18,19837000.0
Ayat,Villa,187,9,6,14,13,137409000.0
Sarbet,Villa,154,7,5,10,3,189206000.0
CMC,Villa,473,8,6,33,10,393172000.0
Ayat,Villa,308,6,3,20,13,204466000.0
Kazanchis,Condominium,66,2,1,9,1,4286000.0
Bole,Apartment,95,3,3,30,4,31059000.0
Akaki,Apartment,218,4,1,3,18,29360000.0
Piassa,Villa,374,6,6,31,0,468818000.0
Bole,Condominium,87,2,1,6,4,7397000.0
Piassa,Villa,445,5,5,10,0,455443000.0
Kazanchis,Apartment,106,2,2,1,1,43312000.0
Bole,Apartment,184,3,2,15,4,70941000.0
Lebu,Villa,391,6,5,15,9,294077000.0
Old Airport,Apartment,152,3,1,9,5,47519000.0
Jemo,Apartment,99,4,2,0,14,19282000.0
Lebu,Apartment,136,3,2,28,9,29636000.0
Piassa,Apartment,163,2,3,23,0,54675000.0
CMC,Apartment,207,3,2,5,10,44038000.0
Sarbet,Condominium,56,2,1,15,3,2493000.0
Sarbet,Condominium,101,1,1,31,3,1800000.0
Akaki,Villa,298,6,4,30,18,130327000.0
Bole,Condominium,48,1,1,6,4,2846000.0
Piassa,Condominium,88,1,1,33,0,1800000.0
Ayat,Condominium,77,1,1,30,13,1800000.0
Kazanchis,Apartment,162,3,2,22,1,64945000.0
Lebu,Condominium,103,2,1,26,9,1800000.0
Jemo,Apartment,208,4,3,23,14,31220000.0
Kazanchis,Condominium,101,1,1,0,1,9159000.0
Bole,Apartment,163,3,1,32,4,54413000.0
Akaki,Villa,361,8,6,8,18,168747000.0
Ayat,Condominium,53,2,1,26,13,1800000.0
Piassa,Condominium,86,1,1,21,0,3482000.0
Akaki,Villa,349,5,4,25,18,139567000.0
Jemo,Villa,360,6,6,14,14,196736000.0
Ayat,Villa,303,5,5,10,13,211159000.0
Lebu,Apartment,192,3,1,34,9,36974000.0
Summit,Apartment,131,3,3,6,12,24442000.0
Jemo,Condominium,46,1,1,23,14,1800000.0
Jemo,Condominium,88,1,1,3,14,1800000.0
Gullele,Apartment,102,3,3,25,6,13320000.0
Jemo,Villa,502,7,4,13,14,297663000.0
Kazanchis,Apartment,172,2,3,24,1,57912000.0
Kazanchis,Villa,196,8,6,22,1,265253000.0
Bole,Condominium,75,2,1,9,4,5035000.0
Jemo,Apartment,204,3,2,26,14,28805000.0
CMC,Condominium,38,1,1,3,10,1800000.0
Akaki,Condominium,38,1,1,6,18,1800000.0
Kazanchis,Villa,557,6,6,26,1,676852000.0
Jemo,Apartment,95,4,3,30,14,10090000.0
Gullele,Apartment,211,3,2,21,6,34249000.0
Akaki,Condominium,46,2,1,17,18,1800000.0
Bole,Apartment,169,4,2,5,4,64651000.0
Lebu,Apartment,165,4,1,17,9,38809000.0
Jemo,Condominium,108,1,1,11,14,1800000.0
Lebu,Apartment,216,3,1,11,9,47105000.0
CMC,Apartment,196,3,2,2,10,54439000.0
Ayat,Condominium,72,1,1,32,13,1800000.0
Akaki,Condominium,102,1,1,33,18,1800000.0
Summit,Apartment,206,3,2,24,12,36210000.0
Akaki,Condominium,48,1,1,27,18,1800000.0
Piassa,Villa,582,4,4,21,0,618014000.0
Gullele,Apartment,153,4,3,14,6,24605000.0
Ayat,Apartment,190,4,3,9,13,38103000.0
Lebu,Apartment,117,2,1,18,9,20771000.0
Kazanchis,Apartment,201,4,3,20,1,74764000.0
Kazanchis,Condominium,94,2,1,12,1,6615000.0
CMC,Villa,164,9,4,21,10,160744000.0
Bole,Apartment,189,2,1,11,4,76615000.0
Jemo,Villa,303,9,6,13,14,170944000.0
Akaki,Condominium,103,1,1,24,18,1800000.0
Old Airport,Condominium,77,2,1,27,5,2059000.0
Akaki,Condominium,43,2,1,31,18,1800000.0
Sarbet,Apartment,147,3,1,33,3,48634000.0
Ayat,Apartment,92,2,1,19,13,14232000.0
Lebu,Apartment,161,3,2,11,9,36091000.0
Jemo,Apartment,114,4,1,25,14,14310000.0
Lebu,Condominium,99,1,1,21,9,1800000.0
Old Airport,Condominium,94,1,1,32,5,1800000.0
Kazanchis,Apartment,205,2,1,25,1,74848000.0
Summit,Apartment,156,3,3,21,12,29850000.0
Piassa,Condominium,94,1,1,7,0,7422000.0
Akaki,Condominium,64,1,1,17,18,1800000.0
Ayat,Villa,554,4,5,22,13,350912000.0
Summit,Condominium,74,1,1,6,12,1800000.0
Old Airport,Villa,496,9,5,8,5,585403000.0
CMC,Condominium,79,1,1,22,10,1800000.0
Sarbet,Apartment,196,2,1,1,3,59336000.0
Lebu,Villa,224,9,4,2,9,175935000.0
Ayat,Apartment,98,3,1,23,13,16913000.0
Sarbet,Apartment,205,4,2,24,3,69958000.0
Old Airport,Apartment,104,3,3,8,5,35872000.0
Old Airport,Villa,509,5,4,24,5,636139000.0
Lebu,Apartment,149,2,3,30,9,29964000.0
Sarbet,Apartment,167,2,1,30,3,47401000.0
Sarbet,Apartment,88,2,1,25,3,32385000.0
Old Airport,Condominium,47,2,1,9,5,1926000.0
Jemo,Condominium,97,2,1,8,14,1800000.0
CMC,Villa,222,7,5,1,10,169148000.0
Lebu,Apartment,102,4,3,20,9,21230000.0
Kazanchis,Condominium,65,2,1,19,1,3200000.0
Piassa,Villa,279,4,3,27,0,291670000.0
Gullele,Villa,224,9,6,4,6,115979000.0
Kazanchis,Apartment,205,4,2,15,1,79421000.0
Jemo,Apartment,114,4,2,18,14,17479000.0
Lebu,Apartment,109,4,1,24,9,21114000.0
Kazanchis,Villa,369,7,5,16,1,458079000.0
Ayat,Condominium,68,2,1,24,13,1800000.0
Ayat,Apartment,154,3,3,33,13,28773000.0
Piassa,Condominium,72,1,1,13,0,3441000.0
Lebu,Condominium,93,2,1,19,9,1800000.0
Lebu,Condominium,43,1,1,0,9,1800000.0
Lebu,Apartment,202,4,2,6,9,48880000.0
Akaki,Condominium,105,2,1,22,18,1800000.0
CMC,Apartment,142,2,1,16,10,31886000.0
Kazanchis,Condominium,82,2,1,2,1,7539000.0
Sarbet,Apartment,191,2,1,30,3,63625000.0
Bole,Apartment,195,4,2,13,4,73444000.0
Akaki,Condominium,70,1,1,7,18,1800000.0
Kazanchis,Apartment,184,3,1,31,1,65556000.0
Old Airport,Villa,564,8,3,13,5,600264000.0
Summit,Apartment,209,2,1,13,12,39392000.0
Sarbet,Apartment,101,4,1,15,3,37558000.0
Old Airport,Apartment,192,4,1,15,5,77294000.0
CMC,Condominium,40,1,1,24,10,1800000.0
CMC,Apartment,95,4,1,8,10,20453000.0
Jemo,Apartment,165,3,2,33,14,21646000.0
Ayat,Condominium,52,1,1,0,13,1800000.0
Sarbet,Apartment,161,4,3,31,3,48667000.0
Bole,Condominium,89,2,1,5,4,7245000.0
Old Airport,Villa,205,4,3,17,5,242226000.0
Lebu,Apartment,118,2,2,16,9,25290000.0
Summit,Apartment,86,3,2,0,12,16942000.0
Sarbet,Condominium,86,2,1,28,3,1800000.0
Akaki,Apartment,121,4,3,5,18,16307000.0
Sarbet,Condominium,72,2,1,0,3,5843000.0
Lebu,Apartment,139,4,2,29,9,28768000.0
Lebu,Condominium,63,1,1,33,9,1800000.0
Old Airport,Apartment,96,3,2,22,5,36514000.0
Jemo,Condominium,90,2,1,2,14,1800000.0
Piassa,Villa,263,8,3,20,0,285211000.0
Lebu,Villa,328,4,5,20,9,246160000.0
Lebu,Villa,485,7,3,9,9,380933000.0
Akaki,Villa,336,7,3,6,18,164590000.0
Sarbet,Condominium,50,1,1,31,3,1800000.0
Kazanchis,Condominium,84,1,1,16,1,5466000.0
Jemo,Apartment,137,3,3,17,14,21052000.0
Lebu,Apartment,102,4,2,12,9,22028000.0
Ayat,Apartment,148,2,2,32,13,23938000.0
Ayat,Apartment,157,2,2,34,13,22590000.0
Old Airport,Apartment,150,4,2,31,5,55503000.0
Old Airport,Condominium,35,1,1,13,5,1800000.0
Gullele,Villa,375,9,6,20,6,215644000.0
Piassa,Villa,223,6,5,11,0,267686000.0
Akaki,Condominium,98,2,1,1,18,1800000.0
Sarbet,Apartment,92,4,1,22,3,28015000.0
Gullele,Apartment,153,2,1,23,6,21810000.0
Summit,Villa,246,4,6,1,12,145790000.0
Summit,Apartment,160,2,1,29,12,24088000.0
Summit,Condominium,55,2,1,28,12,1800000.0
Old Airport,Condominium,79,2,1,16,5,5148000.0
Jemo,Condominium,63,1,1,3,14,1800000.0
Jemo,Apartment,94,2,3,18,14,12520000.0
Gullele,Condominium,60,2,1,27,6,1800000.0
Kazanchis,Apartment,121,4,1,32,1,42868000.0
Piassa,Condominium,97,1,1,25,0,3970000.0
CMC,Apartment,125,3,1,0,10,30734000.0
Bole,Villa,267,5,6,28,4,395813000.0
Sarbet,Villa,382,9,5,25,3,406123000.0
Gullele,Apartment,105,2,1,19,6,13173000.0
Piassa,Condominium,67,1,1,13,0,2384000.0
Summit,Condominium,60,1,1,27,12,1800000.0
Gullele,Condominium,57,1,1,1,6,1800000.0
Sarbet,Condominium,80,1,1,11,3,4701000.0
Kazanchis,Apartment,213,2,2,17,1,80783000.0
Piassa,Condominium,85,2,1,6,0,7852000.0
Sarbet,Condominium,82,1,1,4,3,6593000.0
Akaki,Apartment,210,3,1,22,18,21621000.0
Kazanchis,Villa,166,5,3,7,1,204080000.0
CMC,Condominium,72,2,1,23,10,1800000.0
Ayat,Condominium,46,2,1,33,13,1800000.0
Jemo,Condominium,51,1,1,2,14,1800000.0
Piassa,Villa,575,8,4,20,0,514880000.0
Lebu,Condominium,103,1,1,1,9,3931000.0
Lebu,Villa,456,6,5,11,9,334236000.0
Jemo,Apartment,218,2,2,20,14,32864000.0
Gullele,Apartment,93,3,2,20,6,13832000.0
Lebu,Apartment,129,3,3,19,9,27729000.0
Bole,Condominium,72,2,1,21,4,3105000.0
Piassa,Condominium,96,2,1,5,0,8747000.0
Summit,Apartment,199,2,2,20,12,37191000.0
Jemo,Villa,438,6,4,27,14,241302000.0
Jemo,Condominium,66,2,1,25,14,1800000.0
Jemo,Villa,375,4,6,22,14,240344000.0
Old Airport,Villa,378,5,6,34,5,452275000.0
Kazanchis,Apartment,189,3,1,29,1,62369000.0
Sarbet,Condominium,100,2,1,25,3,3534000.0
Sarbet,Apartment,92,2,2,18,3,26925000.0
Gullele,Condominium,88,2,1,0,6,3604000.0
Piassa,Condominium,87,1,1,7,0,6221000.0
Gullele,Apartment,92,4,1,2,6,15148000.0
Gullele,Apartment,155,3,3,27,6,25549000.0
Piassa,Villa,540,5,4,23,0,571670000.0
Piassa,Villa,573,9,6,8,0,654152000.0
CMC,Villa,457,8,3,14,10,376801000.0
Gullele,Apartment,86,4,3,14,6,14829000.0
Bole,Villa,257,5,3,22,4,304164000.0
CMC,Apartment,202,3,1,3,10,53628000.0
Gullele,Villa,545,5,3,32,6,311875000.0
Piassa,Apartment,148,3,2,27,0,45337000.0
Old Airport,Condominium,92,2,1,10,5,6254000.0
Gullele,Apartment,112,4,1,7,6,17951000.0
Lebu,Apartment,219,3,3,17,9,43017000.0
Summit,Apartment,177,2,3,8,12,33600000.0
Kazanchis,Apartment,200,4,2,13,1,76487000.0
Sarbet,Apartment,107,3,1,33,3,28533000.0
Gullele,Villa,400,6,6,34,6,219637000.0
Gullele,Condominium,83,2,1,22,6,1800000.0
Jemo,Apartment,209,2,3,30,14,29154000.0
Summit,Apartment,122,3,3,23,12,15870000.0
Jemo,Condominium,49,1,1,3,14,1800000.0
Piassa,Apartment,192,3,2,11,0,52615000.0
Piassa,Villa,492,9,3,19,0,573938000.0
Ayat,Condominium,71,1,1,14,13,1800000.0
Kazanchis,Apartment,141,4,1,6,1,54077000.0
Jemo,Villa,217,6,4,1,14,116186000.0
CMC,Apartment,89,3,3,20,10,19381000.0
Summit,Villa,518,9,3,29,12,328477000.0
Sarbet,Apartment,142,4,2,32,3,47321000.0
Summit,Condominium,77,1,1,9,12,1800000.0
Ayat,Apartment,100,4,2,22,13,16937000.0
Sarbet,Apartment,104,2,1,17,3,34859000.0
Kazanchis,Apartment,210,3,1,34,1,72848000.0
Jemo,Apartment,206,2,2,19,14,30732000.0
CMC,Apartment,191,4,2,12,10,47183000.0
Bole,Condominium,100,1,1,18,4,5711000.0
Gullele,Condominium,54,1,1,16,6,1800000.0
Akaki,Apartment,142,3,3,16,18,15386000.0
Lebu,Apartment,160,4,1,3,9,37207000.0
Lebu,Villa,307,7,6,23,9,234245000.0
Summit,Condominium,52,2,1,18,12,1800000.0
Piassa,Villa,435,6,5,22,0,400837000.0
Piassa,Villa,561,7,3,34,0,532069000.0
Lebu,Condominium,54,1,1,20,9,1800000.0
Akaki,Villa,595,7,4,17,18,234304000.0
Akaki,Condominium,73,1,1,28,18,1800000.0
Old Airport,Apartment,117,4,3,8,5,39836000.0
Akaki,Condominium,106,1,1,34,18,1800000.0
Sarbet,Condominium,98,1,1,27,3,4357000.0
Piassa,Villa,355,9,5,22,0,366647000.0
Ayat,Villa,237,4,3,6,13,158684000.0
Jemo,Villa,255,8,6,11,14,171003000.0
Piassa,Condominium,102,1,1,30,0,2697000.0
Kazanchis,Apartment,198,3,2,33,1,68928000.0
Kazanchis,Condominium,108,1,1,2,1,10365000.0
Piassa,Apartment,86,2,2,3,0,30361000.0
Sarbet,Villa,474,5,3,26,3,508273000.0
Kazanchis,Villa,153,6,5,2,1,160458000.0
Lebu,Apartment,135,2,1,3,9,29625000.0
Akaki,Apartment,178,2,1,1,18,21414000.0
Sarbet,Villa,171,6,5,2,3,194177000.0
Kazanchis,Condominium,46,2,1,4,1,4623000.0
Piassa,Apartment,176,2,2,15,0,51719000.0
Kazanchis,Apartment,84,3,3,6,1,33379000.0
Sarbet,Apartment,110,4,1,6,3,35456000.0
Old Airport,Condominium,97,2,1,19,5,4004000.0
Jemo,Apartment,118,2,1,10,14,15974000.0
Lebu,Condominium,104,2,1,1,9,4537000.0
Piassa,Villa,221,8,3,32,0,246424000.0
Lebu,Condominium,39,1,1,17,9,1800000.0
Kazanchis,Apartment,217,4,2,17,1,82108000.0
Ayat,Villa,459,9,5,33,13,320225000.0
Jemo,Apartment,148,4,1,19,14,24809000.0
Summit,Apartment,173,3,1,26,12,28720000.0
CMC,Villa,375,8,5,31,10,275585000.0
Gullele,Apartment,216,2,2,3,6,42052000.0
Sarbet,Condominium,92,1,1,26,3,2153000.0
Bole,Condominium,80,2,1,26,4,2557000.0
Akaki,Apartment,178,4,3,27,18,17002000.0
Ayat,Condominium,77,2,1,19,13,1800000.0
Old Airport,Villa,597,5,3,8,5,709904000.0
Old Airport,Apartment,89,3,2,20,5,30403000.0
Gullele,Condominium,60,2,1,4,6,1800000.0
Akaki,Villa,293,8,5,30,18,140450000.0
Akaki,Condominium,92,2,1,24,18,1800000.0
Akaki,Apartment,176,2,3,20,18,19618000.0
CMC,Condominium,54,2,1,30,10,1800000.0
Old Airport,Apartment,88,4,2,25,5,32828000.0
Sarbet,Villa,523,8,4,6,3,633302000.0
Ayat,Apartment,172,3,2,30,13,28910000.0
Jemo,Apartment,170,2,2,28,14,26515000.0
Kazanchis,Apartment,151,4,1,4,1,59621000.0
Jemo,Villa,451,5,3,8,14,281016000.0
CMC,Apartment,166,3,2,24,10,45170000.0
Old Airport,Villa,231,5,6,21,5,310819000.0
CMC,Apartment,103,2,1,16,10,21557000.0
Jemo,Villa,195,6,6,21,14,112982000.0
Piassa,Villa,482,4,6,9,0,509257000.0
Summit,Villa,392,9,5,15,12,295309000.0
Jemo,Apartment,158,3,3,3,14,22618000.0
Gullele,Villa,252,4,4,22,6,125438000.0
Ayat,Apartment,82,4,1,25,13,12645000.0
Sarbet,Apartment,196,2,1,34,3,55906000.0
Lebu,Apartment,159,3,3,0,9,38222000.0
Summit,Apartment,195,2,1,3,12,35134000.0
Sarbet,Villa,583,4,4,21,3,614425000.0
Piassa,Apartment,118,2,2,25,0,33795000.0
CMC,Apartment,152,4,2,1,10,43629000.0
Akaki,Condominium,92,1,1,19,18,1800000.0
Old Airport,Villa,360,6,3,17,5,494650000.0
Ayat,Villa,161,6,3,16,13,98080000.0
Gullele,Condominium,108,1,1,16,6,1800000.0
Old Airport,Apartment,108,2,2,13,5,47108000.0
Jemo,Apartment,199,3,1,14,14,36729000.0
Jemo,Villa,380,6,4,2,14,200904000.0
Kazanchis,Condominium,98,2,1,17,1,6128000.0
Bole,Condominium,71,2,1,33,4,1800000.0
Piassa,Apartment,148,4,1,8,0,50328000.0
Kazanchis,Villa,353,8,5,25,1,416944000.0
Jemo,Apartment,216,3,2,2,14,34589000.0
Ayat,Condominium,89,1,1,8,13,1800000.0
Old Airport,Villa,446,7,6,30,5,577161000.0
Old Airport,Apartment,148,3,2,9,5,56903000.0
Summit,Villa,311,8,4,6,12,212134000.0
Kazanchis,Condominium,60,1,1,23,1,1800000.0
CMC,Apartment,128,3,1,1,10,33699000.0
Old Airport,Villa,253,7,4,21,5,304931000.0
CMC,Villa,263,6,5,29,10,195567000.0
Jemo,Villa,430,6,3,10,14,254910000.0
Summit,Condominium,61,2,1,31,12,1800000.0
Old Airport,Villa,316,7,3,32,5,455019000.0
Kazanchis,Condominium,50,1,1,6,1,3289000.0
CMC,Apartment,196,2,1,25,10,47060000.0
CMC,Apartment,92,2,3,22,10,19512000.0
CMC,Apartment,118,2,2,0,10,29514000.0
Bole,Apartment,192,3,2,23,4,82446000.0
Piassa,Villa,396,9,3,5,0,443968000.0
Lebu,Apartment,105,4,3,13,9,21525000.0
Ayat,Villa,238,8,3,9,13,168560000.0
CMC,Apartment,88,4,2,24,10,18999000.0
Old Airport,Villa,280,5,6,5,5,356895000.0
Ayat,Apartment,146,3,3,8,13,30854000.0
Akaki,Apartment,208,4,3,28,18,19833000.0
Old Airport,Villa,446,5,3,15,5,585280000.0
Kazanchis,Apartment,139,4,2,15,1,56586000.0
Gullele,Villa,309,6,4,23,6,167769000.0
Kazanchis,Condominium,59,2,1,0,1,6424000.0
CMC,Apartment,169,3,1,22,10,39139000.0
Ayat,Condominium,62,1,1,16,13,1800000.0
Akaki,Villa,393,6,6,11,18,180357000.0
Ayat,Condominium,43,1,1,10,13,1800000.0
CMC,Villa,599,4,5,29,10,508000000.0
Piassa,Villa,492,4,4,26,0,513429000.0
Kazanchis,Villa,250,8,4,4,1,323175000.0
Sarbet,Condominium,36,1,1,31,3,1800000.0
Gullele,Apartment,146,2,1,4,6,25294000.0
Jemo,Villa,440,7,4,4,14,282661000.0
Old Airport,Apartment,210,2,3,4,5,91327000.0
Summit,Apartment,95,3,1,24,12,13202000.0
Summit,Villa,321,4,6,22,12,214546000.0
Akaki,Condominium,49,2,1,4,18,1800000.0
Lebu,Apartment,153,3,1,17,9,33900000.0
Piassa,Apartment,108,4,1,13,0,38757000.0
Bole,Villa,426,4,5,16,4,556183000.0
Kazanchis,Condominium,90,1,1,17,1,3614000.0
Ayat,Apartment,112,4,2,8,13,22140000.0
Bole,Condominium,104,1,1,33,4,1800000.0
Sarbet,Apartment,153,3,1,10,3,49345000.0
Bole,Villa,421,6,4,15,4,509368000.0
Summit,Villa,440,4,3,16,12,289150000.0
Akaki,Condominium,100,1,1,27,18,1800000.0
CMC,Villa,408,7,4,32,10,342286000.0
Old Airport,Apartment,105,2,2,6,5,39912000.0
Gullele,Apartment,138,4,1,31,6,19032000.0
Gullele,Villa,258,9,5,24,6,129925000.0
Akaki,Condominium,52,1,1,25,18,1800000.0
Summit,Apartment,185,3,3,29,12,30954000.0
CMC,Villa,384,6,5,29,10,298446000.0
Akaki,Apartment,108,3,3,25,18,7470000.0
Piassa,Villa,420,7,6,21,0,449992000.0
Gullele,Apartment,202,2,3,17,6,34428000.0
Ayat,Villa,547,9,4,34,13,349403000.0
Ayat,Villa,561,6,5,24,13,405754000.0
CMC,Condominium,49,1,1,21,10,1800000.0
Old Airport,Condominium,103,2,1,27,5,3703000.0
Summit,Apartment,194,4,1,20,12,34013000.0
Akaki,Villa,155,9,4,2,18,72576000.0
Piassa,Villa,386,5,4,14,0,363650000.0
Ayat,Villa,291,7,4,16,13,209443000.0
Lebu,Apartment,85,4,2,23,9,18105000.0
Old Airport,Condominium,109,2,1,23,5,6086000.0
Bole,Condominium,91,1,1,27,4,2625000.0
Gullele,Villa,242,5,6,17,6,146254000.0
Old Airport,Condominium,42,2,1,7,5,2287000.0
Summit,Apartment,105,2,1,33,12,12451000.0
Ayat,Condominium,73,2,1,27,13,1800000.0
Lebu,Condominium,101,2,1,30,9,1800000.0
Gullele,Condominium,45,2,1,2,6,1800000.0
Ayat,Villa,511,6,4,8,13,327136000.0
Kazanchis,Apartment,127,2,2,24,1,42694000.0
Kazanchis,Condominium,61,2,1,9,1,4784000.0
Sarbet,Apartment,107,2,3,13,3,35457000.0
Lebu,Villa,254,5,5,1,9,193371000.0
Piassa,Condominium,74,2,1,28,0,1800000.0
Old Airport,Apartment,180,3,1,5,5,71444000.0
Piassa,Apartment,80,4,1,31,0,22587000.0
Jemo,Villa,286,6,4,6,14,184402000.0
CMC,Condominium,59,1,1,23,10,1800000.0
Summit,Villa,312,4,4,7,12,206108000.0
Lebu,Apartment,171,3,3,16,9,38344000.0
Lebu,Apartment,88,2,1,28,9,16302000.0
CMC,Apartment,89,3,3,12,10,17150000.0
Summit,Villa,518,4,5,10,12,362098000.0
Piassa,Condominium,83,1,1,24,0,2581000.0
Ayat,Apartment,135,2,2,3,13,31435000.0
Piassa,Villa,482,7,5,22,0,478172000.0
Lebu,Apartment,137,2,3,11,9,30279000.0
Ayat,Villa,204,5,4,25,13,114455000.0
Ayat,Villa,494,7,3,1,13,403595000.0
Old Airport,Apartment,112,3,1,8,5,43700000.0
Akaki,Apartment,164,2,3,4,18,17326000.0
Piassa,Condominium,81,1,1,6,0,6320000.0
Ayat,Apartment,165,3,1,26,13,35374000.0
Bole,Condominium,76,2,1,26,4,1800000.0
Gullele,Apartment,143,4,2,28,6,17130000.0
Old Airport,Condominium,51,2,1,18,5,1800000.0
Lebu,Apartment,184,3,3,11,9,42702000.0
Ayat,Apartment,152,4,2,11,13,32518000.0
Lebu,Condominium,77,2,1,34,9,1800000.0
Old Airport,Apartment,141,2,2,15,5,48431000.0
Gullele,Villa,564,6,4,11,6,339516000.0
CMC,Condominium,54,1,1,22,10,1800000.0
Summit,Condominium,85,2,1,33,12,1800000.0
Akaki,Apartment,110,4,2,33,18,6929000.0
Summit,Villa,338,6,5,19,12,213594000.0
Old Airport,Condominium,64,1,1,9,5,4149000.0
Piassa,Apartment,141,4,1,22,0,44468000.0
Gullele,Apartment,149,4,1,33,6,22002000.0
Summit,Apartment,119,4,3,17,12,24189000.0
CMC,Apartment,162,4,2,15,10,42175000.0
Akaki,Apartment,192,2,2,6,18,22829000.0
Ayat,Villa,313,8,3,23,13,197578000.0
Gullele,Condominium,105,1,1,6,6,2109000.0
Gullele,Condominium,107,2,1,34,6,1800000.0
Jemo,Apartment,162,3,1,23,14,25310000.0
Bole,Condominium,105,1,1,30,4,3526000.0
Old Airport,Villa,462,6,4,3,5,614006000.0
Akaki,Apartment,95,4,1,16,18,8791000.0
Ayat,Apartment,156,2,2,10,13,32901000.0
Summit,Apartment,105,4,1,18,12,18856000.0
Ayat,Condominium,102,2,1,5,13,1933000.0
Bole,Apartment,140,3,3,8,4,56171000.0
Kazanchis,Villa,159,7,5,32,1,176033000.0
Bole,Apartment,163,2,3,17,4,65595000.0
Bole,Apartment,81,4,2,4,4,32359000.0
Sarbet,Apartment,197,2,3,24,3,67852000.0
Bole,Villa,377,4,3,15,4,536015000.0
Summit,Apartment,87,4,1,18,12,14153000.0
Bole,Apartment,112,2,2,12,4,40546000.0
Akaki,Apartment,157,4,3,29,18,16265000.0
Piassa,Apartment,119,2,1,22,0,35807000.0
Sarbet,Villa,334,4,4,9,3,397928000.0
Sarbet,Condominium,77,1,1,22,3,1800000.0
Akaki,Condominium,71,2,1,0,18,1800000.0
Summit,Apartment,158,3,3,23,12,26483000.0
Lebu,Apartment,185,2,2,11,9,41132000.0
Old Airport,Condominium,45,2,1,30,5,1800000.0
Bole,Condominium,75,2,1,23,4,3756000.0
Jemo,Apartment,209,3,3,2,14,34708000.0
Akaki,Apartment,146,4,3,14,18,17779000.0
Lebu,Condominium,84,2,1,6,9,1969000.0
Old Airport,Apartment,184,3,2,25,5,69407000.0
Summit,Apartment,209,2,1,22,12,43124000.0
CMC,Condominium,46,2,1,19,10,1800000.0
CMC,Villa,593,8,6,23,10,475886000.0
Summit,Condominium,100,2,1,0,12,2946000.0
Akaki,Apartment,160,3,2,27,18,13990000.0
Akaki,Villa,287,6,4,13,18,110758000.0
Gullele,Condominium,35,2,1,1,6,1800000.0
Bole,Apartment,131,4,1,21,4,54765000.0
Jemo,Apartment,179,2,1,21,14,26220000.0
Old Airport,Condominium,77,1,1,8,5,4894000.0
Ayat,Apartment,95,2,3,18,13,14460000.0
Lebu,Apartment,160,3,2,7,9,36662000.0
Old Airport,Villa,351,7,3,3,5,480451000.0
Jemo,Villa,402,6,6,1,14,248614000.0
Jemo,Apartment,204,3,1,20,14,30461000.0
Jemo,Villa,420,6,3,4,14,259208000.0
Jemo,Apartment,135,4,1,26,14,15117000.0
Jemo,Villa,311,4,6,32,14,174847000.0
Old Airport,Condominium,92,2,1,14,5,5156000.0
Summit,Apartment,127,2,2,15,12,21408000.0
Summit,Villa,250,8,5,17,12,150038000.0
Gullele,Villa,406,8,3,14,6,249431000.0
Gullele,Condominium,68,2,1,32,6,1800000.0
Old Airport,Apartment,89,3,1,12,5,31609000.0
Bole,Apartment,102,2,3,16,4,32064000.0
Bole,Villa,547,6,6,31,4,554158000.0
Bole,Condominium,44,2,1,20,4,1800000.0
Akaki,Villa,347,9,5,16,18,169966000.0
Old Airport,Villa,281,7,4,24,5,359404000.0
Kazanchis,Condominium,108,2,1,9,1,8295000.0
Gullele,Villa,150,8,6,12,6,90621000.0
CMC,Apartment,153,3,1,18,10,40358000.0
CMC,Apartment,100,3,1,9,10,20606000.0
Old Airport,Villa,350,9,5,30,5,383007000.0
Lebu,Villa,239,4,5,5,9,152665000.0
Akaki,Condominium,59,2,1,10,18,1800000.0
Lebu,Condominium,65,2,1,22,9,1800000.0
Jemo,Villa,293,4,6,12,14,160659000.0
CMC,Apartment,138,2,2,31,10,29250000.0
Lebu,Condominium,62,1,1,0,9,1800000.0
Kazanchis,Condominium,81,1,1,13,1,4409000.0
Lebu,Villa,550,6,4,10,9,455372000.0
Old Airport,Condominium,48,2,1,30,5,1800000.0
Gullele,Villa,335,5,4,24,6,175304000.0
Piassa,Apartment,82,4,3,21,0,25124000.0
Bole,Apartment,88,3,2,20,4,32829000.0
Akaki,Condominium,38,1,1,29,18,1800000.0
Piassa,Condominium,86,2,1,3,0,8489000.0
Sarbet,Apartment,156,3,2,12,3,57012000.0
Ayat,Apartment,98,4,1,12,13,18219000.0
Old Airport,Apartment,137,2,1,13,5,47712000.0
Sarbet,Villa,182,4,6,29,3,209337000.0
Old Airport,Villa,192,7,5,11,5,223414000.0
Sarbet,Apartment,138,2,1,32,3,42031000.0
Ayat,Condominium,79,2,1,14,13,1800000.0
Ayat,Villa,383,9,6,10,13,261376000.0
Sarbet,Condominium,91,1,1,1,3,6536000.0
Lebu,Apartment,151,2,2,8,9,32828000.0
Ayat,Villa,157,9,6,14,13,118401000.0
Bole,Villa,251,9,4,17,4,292050000.0
Gullele,Apartment,190,2,3,26,6,22784000.0
Akaki,Condominium,105,1,1,28,18,1800000.0
Ayat,Villa,169,8,5,8,13,115263000.0
Gullele,Villa,559,5,5,22,6,305925000.0
Sarbet,Condominium,97,1,1,8,3,6473000.0
Summit,Apartment,123,3,1,23,12,20613000.0
Gullele,Apartment,188,4,2,17,6,28655000.0
Piassa,Villa,212,7,3,11,0,228749000.0
Jemo,Villa,339,4,5,31,14,237745000.0
Bole,Condominium,59,1,1,7,4,3486000.0
Kazanchis,Apartment,197,3,2,15,1,78174000.0
Bole,Apartment,80,3,2,24,4,28360000.0
Piassa,Apartment,190,4,3,18,0,66161000.0
Summit,Apartment,106,3,3,22,12,15417000.0
Sarbet,Condominium,99,2,1,31,3,1800000.0
Bole,Apartment,160,4,3,31,4,54515000.0
Old Airport,Apartment,167,4,3,21,5,50251000.0
Gullele,Villa,593,4,6,27,6,314284000.0
Gullele,Apartment,117,4,1,5,6,20492000.0
Summit,Apartment,198,3,2,19,12,36095000.0
Jemo,Villa,402,7,4,2,14,202622000.0
Old Airport,Condominium,86,1,1,11,5,5222000.0
Summit,Apartment,95,3,1,17,12,17861000.0
Ayat,Condominium,106,2,1,29,13,1800000.0
Gullele,Condominium,43,1,1,6,6,1800000.0
Jemo,Villa,280,6,3,20,14,153331000.0
Jemo,Condominium,40,2,1,20,14,1800000.0
Bole,Apartment,162,2,3,20,4,59712000.0
Kazanchis,Apartment,94,3,1,19,1,34783000.0
Old Airport,Villa,359,7,3,8,5,497072000.0
Akaki,Apartment,171,3,1,12,18,21587000.0
Akaki,Condominium,53,1,1,26,18,1800000.0
Piassa,Condominium,63,1,1,3,0,5021000.0
Piassa,Villa,272,8,6,9,0,232258000.0
Old Airport,Apartment,105,4,3,24,5,31337000.0
Old Airport,Apartment,182,4,3,3,5,73587000.0
Summit,Apartment,162,4,2,9,12,30307000.0
Lebu,Villa,318,6,4,4,9,235508000.0
Sarbet,Condominium,57,2,1,5,3,3715000.0
Lebu,Condominium,61,1,1,4,9,1800000.0
Akaki,Apartment,158,3,1,10,18,17647000.0
Piassa,Apartment,165,2,1,3,0,47211000.0
Akaki,Villa,498,7,4,8,18,240579000.0
Akaki,Apartment,139,2,3,13,18,13047000.0
Summit,Condominium,105,2,1,23,12,1800000.0
Akaki,Condominium,73,1,1,14,18,1800000.0
Jemo,Condominium,84,2,1,21,14,1800000.0
Akaki,Apartment,141,2,3,25,18,11463000.0
Akaki,Apartment,208,3,2,12,18,28642000.0
Lebu,Condominium,71,1,1,26,9,1800000.0
Gullele,Apartment,115,3,3,9,6,15746000.0
Old Airport,Condominium,55,2,1,12,5,2736000.0
Lebu,Villa,208,7,3,29,9,175152000.0
Jemo,Apartment,151,2,3,0,14,27090000.0
Lebu,Villa,430,4,6,2,9,330165000.0
Bole,Condominium,63,2,1,1,4,6103000.0
Sarbet,Apartment,128,3,3,3,3,50843000.0
Bole,Villa,195,5,5,32,4,223811000.0
Lebu,Condominium,98,2,1,15,9,1800000.0
Old Airport,Apartment,167,2,2,11,5,54581000.0
Kazanchis,Villa,223,8,4,30,1,325624000.0
Akaki,Villa,564,4,5,34,18,203973000.0
Gullele,Condominium,38,1,1,24,6,1800000.0
Akaki,Condominium,70,2,1,16,18,1800000.0
Jemo,Apartment,196,4,3,26,14,31129000.0
CMC,Apartment,114,2,2,18,10,26207000.0
Summit,Apartment,179,4,1,1,12,35698000.0
Bole,Condominium,95,1,1,12,4,5285000.0
Akaki,Condominium,106,1,1,12,18,1800000.0
Jemo,Apartment,98,4,1,18,14,11494000.0
Old Airport,Condominium,36,2,1,10,5,1800000.0
Bole,Condominium,45,1,1,6,4,2615000.0
Piassa,Condominium,53,1,1,25,0,1800000.0
Lebu,Condominium,107,2,1,16,9,1902000.0
Lebu,Apartment,138,4,2,23,9,34027000.0
Ayat,Villa,572,5,6,11,13,337885000.0
Sarbet,Apartment,146,2,1,31,3,46548000.0
Gullele,Apartment,148,3,1,3,6,29437000.0
Gullele,Condominium,90,1,1,17,6,1800000.0
Bole,Apartment,138,2,3,2,4,52575000.0
Bole,Villa,527,5,6,13,4,628556000.0
Old Airport,Apartment,210,4,1,22,5,80012000.0
CMC,Condominium,72,2,1,10,10,1800000.0
Jemo,Villa,396,7,5,0,14,236174000.0
Bole,Condominium,91,1,1,13,4,5519000.0
Piassa,Apartment,156,3,1,11,0,56382000.0
Bole,Apartment,148,3,3,15,4,64779000.0
Jemo,Apartment,176,2,2,23,14,20873000.0
Old Airport,Condominium,47,1,1,33,5,1800000.0
Bole,Condominium,101,1,1,6,4,7519000.0
Ayat,Apartment,175,2,3,32,13,27848000.0
CMC,Condominium,106,1,1,3,10,3843000.0
Gullele,Condominium,73,2,1,25,6,1800000.0
Bole,Condominium,54,2,1,20,4,1800000.0
Gullele,Apartment,141,4,2,11,6,24001000.0
Bole,Condominium,37,2,1,25,4,1800000.0
Summit,Condominium,37,2,1,32,12,1800000.0
Old Airport,Apartment,209,4,3,20,5,76685000.0
Akaki,Apartment,164,4,2,8,18,18894000.0
Jemo,Villa,407,6,4,19,14,252986000.0
Kazanchis,Villa,487,5,6,7,1,558765000.0
Bole,Apartment,200,2,3,3,4,88468000.0
Summit,Villa,186,4,5,11,12,123536000.0
Akaki,Condominium,66,1,1,21,18,1800000.0
Sarbet,Apartment,204,4,3,32,3,73118000.0
Kazanchis,Apartment,88,2,1,26,1,34255000.0
Summit,Villa,274,6,3,0,12,189137000.0
Piassa,Villa,588,8,5,15,0,667565000.0
Old Airport,Condominium,67,1,1,17,5,1800000.0
Jemo,Condominium,72,1,1,6,14,1800000.0
Jemo,Condominium,56,1,1,15,14,1800000.0
Sarbet,Apartment,155,2,1,26,3,54859000.0
CMC,Villa,408,6,3,21,10,335146000.0
Old Airport,Apartment,216,2,2,28,5,77558000.0
Bole,Apartment,125,4,1,13,4,55069000.0
Kazanchis,Villa,243,5,3,22,1,310533000.0
Jemo,Apartment,207,2,1,21,14,32332000.0
Bole,Apartment,179,2,1,1,4,72038000.0
Summit,Condominium,46,2,1,12,12,1800000.0
Jemo,Apartment,86,4,3,4,14,13329000.0
Lebu,Apartment,145,3,1,14,9,28555000.0
Summit,Apartment,199,3,2,30,12,28424000.0
Bole,Villa,280,6,5,34,4,356106000.0
Summit,Condominium,64,1,1,17,12,1800000.0
Lebu,Condominium,63,2,1,27,9,1800000.0
Jemo,Villa,408,7,5,14,14,239846000.0
Gullele,Condominium,67,1,1,13,6,1800000.0
Akaki,Apartment,183,4,3,3,18,23029000.0
Jemo,Villa,355,7,4,9,14,210772000.0
CMC,Villa,219,5,4,12,10,181316000.0
Bole,Villa,171,8,4,10,4,208276000.0
Bole,Condominium,94,2,1,21,4,5138000.0
Akaki,Condominium,106,2,1,23,18,1800000.0
Piassa,Villa,372,6,6,1,0,413093000.0
Old Airport,Condominium,70,1,1,11,5,3069000.0
Jemo,Condominium,72,1,1,21,14,1800000.0
Old Airport,Villa,164,8,5,6,5,212439000.0
Bole,Apartment,134,4,1,12,4,52401000.0
Lebu,Villa,197,8,4,34,9,170635000.0
Ayat,Condominium,105,2,1,34,13,1800000.0
Lebu,Villa,430,7,6,6,9,331017000.0
Ayat,Apartment,165,2,1,20,13,33855000.0
Piassa,Condominium,37,1,1,34,0,1800000.0
Piassa,Condominium,89,1,1,22,0,2892000.0
CMC,Condominium,64,2,1,26,10,1800000.0
Kazanchis,Villa,380,4,5,17,1,399272000.0
CMC,Apartment,209,2,3,31,10,46717000.0
Old Airport,Apartment,150,3,2,34,5,55336000.0
Jemo,Apartment,163,3,3,3,14,23993000.0
Lebu,Condominium,97,1,1,0,9,3590000.0
Jemo,Apartment,92,4,3,1,14,18109000.0
Summit,Condominium,85,2,1,15,12,1800000.0
Ayat,Condominium,74,1,1,1,13,1800000.0
Gullele,Apartment,156,2,3,30,6,18815000.0
Piassa,Villa,295,7,5,8,0,339688000.0
Ayat,Apartment,143,4,3,2,13,33196000.0
Old Airport,Apartment,83,2,2,25,5,28194000.0
Akaki,Villa,365,7,5,30,18,184156000.0
Akaki,Condominium,96,2,1,26,18,1800000.0
Ayat,Villa,322,9,5,27,13,196738000.0
Kazanchis,Apartment,130,4,3,22,1,40633000.0
Piassa,Villa,498,4,5,22,0,573221000.0
Bole,Condominium,83,2,1,8,4,6793000.0
Gullele,Villa,384,8,6,32,6,221564000.0
Lebu,Villa,200,4,6,2,9,154972000.0
Bole,Villa,394,4,6,13,4,461437000.0
Piassa,Apartment,213,2,3,18,0,75704000.0
Lebu,Condominium,58,1,1,9,9,1800000.0
Bole,Apartment,134,4,1,1,4,56983000.0
Sarbet,Villa,303,9,5,15,3,369118000.0
Akaki,Villa,348,7,3,23,18,159997000.0
Sarbet,Condominium,78,1,1,28,3,1800000.0
Kazanchis,Condominium,87,2,1,2,1,9246000.0
Akaki,Villa,412,8,3,8,18,198616000.0
Lebu,Villa,370,6,5,26,9,303129000.0
Summit,Apartment,143,3,1,28,12,26307000.0
Jemo,Condominium,55,2,1,10,14,1800000.0
Old Airport,Apartment,210,4,3,19,5,73354000.0
Akaki,Villa,303,4,5,19,18,144905000.0
Old Airport,Condominium,61,2,1,13,5,3723000.0
Kazanchis,Apartment,207,4,2,5,1,74448000.0
Lebu,Apartment,100,3,2,22,9,20480000.0
Jemo,Villa,579,5,3,19,14,353301000.0
Summit,Condominium,45,2,1,17,12,1800000.0
Jemo,Condominium,37,2,1,23,14,1800000.0
Lebu,Apartment,91,4,1,0,9,21361000.0
CMC,Condominium,69,1,1,7,10,1800000.0
Piassa,Villa,398,6,3,31,0,424880000.0
Piassa,Apartment,149,2,1,21,0,49232000.0
Piassa,Condominium,102,2,1,3,0,7379000.0
Bole,Villa,492,5,5,33,4,605452000.0
Bole,Condominium,97,1,1,21,4,5504000.0
Gullele,Apartment,172,2,3,16,6,28647000.0
Piassa,Villa,441,4,6,32,0,502675000.0
Sarbet,Villa,226,7,4,28,3,247003000.0
Lebu,Villa,493,8,5,9,9,374123000.0
Bole,Villa,399,7,4,24,4,448764000.0
Summit,Condominium,62,1,1,9,12,1800000.0
Old Airport,Apartment,129,3,2,15,5,42114000.0
Lebu,Condominium,56,2,1,18,9,1800000.0
Kazanchis,Villa,558,5,5,20,1,723712000.0
Akaki,Condominium,102,1,1,31,18,1800000.0
Jemo,Condominium,85,2,1,8,14,1800000.0
Piassa,Apartment,84,3,1,21,0,25382000.0
Jemo,Condominium,61,2,1,15,14,1800000.0
Gullele,Apartment,140,4,2,5,6,28559000.0
Lebu,Apartment,142,4,1,3,9,35067000.0
Summit,Condominium,66,2,1,34,12,1800000.0
Akaki,Condominium,93,1,1,18,18,1800000.0
Old Airport,Apartment,192,2,1,29,5,65319000.0
Kazanchis,Villa,498,6,3,3,1,589413000.0
Piassa,Condominium,53,1,1,5,0,3847000.0
Akaki,Villa,522,5,6,11,18,249014000.0
Bole,Apartment,96,2,1,9,4,34467000.0
Gullele,Apartment,159,4,2,34,6,23397000.0
Bole,Condominium,47,2,1,25,4,1800000.0
Jemo,Apartment,89,4,1,28,14,9150000.0
Piassa,Condominium,82,2,1,25,0,1850000.0
Piassa,Condominium,95,2,1,33,0,2476000.0
Ayat,Villa,420,4,4,34,13,296073000.0
Lebu,Apartment,167,2,3,28,9,34721000.0
CMC,Condominium,103,2,1,3,10,4766000.0
Old Airport,Apartment,133,4,1,2,5,46901000.0
CMC,Condominium,37,1,1,34,10,1800000.0
Gullele,Villa,422,4,6,30,6,267097000.0
Akaki,Condominium,82,1,1,18,18,1800000.0
Ayat,Villa,271,9,5,6,13,168029000.0
Gullele,Condominium,82,2,1,18,6,1800000.0
Summit,Condominium,50,1,1,5,12,1800000.0
Old Airport,Condominium,95,2,1,12,5,5930000.0
Sarbet,Condominium,103,1,1,11,3,6754000.0
Gullele,Apartment,133,3,2,8,6,19584000.0
CMC,Villa,449,9,4,18,10,380130000.0
Kazanchis,Apartment,202,3,2,12,1,74360000.0
Jemo,Condominium,97,1,1,24,14,1800000.0
Summit,Villa,515,8,4,18,12,374796000.0
CMC,Condominium,96,2,1,5,10,3830000.0
CMC,Condominium,76,2,1,3,10,2552000.0
Old Airport,Apartment,186,2,3,15,5,73562000.0
Ayat,Villa,566,9,6,7,13,466625000.0
Akaki,Condominium,108,2,1,16,18,1800000.0
Piassa,Condominium,53,1,1,28,0,1800000.0
Sarbet,Villa,570,8,6,33,3,650615000.0
Piassa,Apartment,171,2,2,6,0,48047000.0
Old Airport,Apartment,177,3,3,26,5,57673000.0
Summit,Apartment,151,4,2,12,12,30002000.0
Piassa,Condominium,65,2,1,21,0,1887000.0
Piassa,Condominium,59,2,1,6,0,4570000.0
Akaki,Apartment,127,4,1,25,18,11357000.0
Ayat,Condominium,40,1,1,17,13,1800000.0
Bole,Apartment,123,4,3,22,4,47459000.0
Akaki,Villa,457,7,6,15,18,194701000.0
Sarbet,Apartment,175,3,3,5,3,69543000.0
Akaki,Condominium,74,1,1,4,18,1800000.0
Kazanchis,Apartment,141,4,1,27,1,49435000.0
Jemo,Apartment,123,3,1,13,14,19613000.0
Summit,Apartment,134,2,1,14,12,25637000.0
Jemo,Villa,237,4,6,7,14,149824000.0
Summit,Apartment,93,4,1,29,12,14570000.0
CMC,Apartment,159,4,2,32,10,38938000.0
Lebu,Condominium,81,1,1,21,9,1800000.0
Piassa,Condominium,49,2,1,12,0,2901000.0
CMC,Condominium,61,1,1,33,10,1800000.0
Sarbet,Apartment,214,2,1,2,3,65049000.0
Lebu,Condominium,93,2,1,28,9,1800000.0
